name,listed_in,ratings_count,rating_average,widget_per_description,reads_health_per_description,last_updated,in_app_purchases,prices_listed,lock_screen_per_description,kind,app_store_id
StepsApp Pedometer,simple; free,291037,4.8,yes,yes,Aug 2026,yes,$0.99 – $19.99,yes,,1037595083
Pedometer++,simple; free,180123,4.8,yes,yes,May 2026,yes,$1.99 – $39.99,yes,,712286167
Pedometer α,simple; free,167598,4.9,no,no,Aug 2026,none,,no,,1027151285
Steps — Activity Tracker,simple; free,131721,4.8,yes,yes,Aug 2026,yes,$3.99,yes,,708359518
Pikmin Bloom,cute,66956,4.8,no,,Aug 2026,,,no,walking game,1556357398
Stepz,simple; free,32586,4.5,yes,yes,Mar 2026,yes,$0.99 – $6.99,no,,839671656
Walkr,cute; free,8008,4.5,no,,Aug 2026,yes,$0.99 – $49.99,no,walking game,834805518
Steps — Simple Pedometer,simple; free,5309,4.7,yes,no,Jan 2026,none,,yes,,1602546738
StepDog,cute; free,1267,4.2,yes,,Aug 2025,yes,not listed on the page we read,no,counter + virtual dog,1474625303
Fito,cute,500,4.6,yes,,Aug 2026,,,no,fitness streaks + pet,6596806184
Habbie,cute,239,4.4,yes,,Sep 2025,,,yes,habit tracker + pet,6468639991
STEPPI,cute; free,131,4.4,no,,Jul 2026,none,,no,step counter,1496731586
Hot Girl Steps,cute; free,117,4.9,no,,Jul 2026,yes,$4.99 – $29.99,no,step counter,6744621190
CanGoGo,cute; free,70,4.8,no,,Aug 2026,yes,$0.99 – $6.99,no,counter + collectable animals,6499481356
Simply Step,simple; free,32,4.6,yes,yes,Jul 2026,yes,$1.99 – $19.99,no,,6759264285
Plod,cute; free,23,5.0,yes,,Jul 2026,none,,no,counter + hamster,6762918762
GAIT — Minimal Step Widgets,simple,2,5.0,yes,yes,Dec 2025,,,yes,,6753881925
Angel Step,cute; simple; free,0,,yes,yes,Sep 2026,yes,$8.99 – $88.99,yes,step counter with a sky,6805609971
Yep — Minimalist Step Tracker,simple,0,,yes,yes,Aug 2026,,,no,,6777710189
